Workbook

Sheet Executive Dashboard
A1: 해유 김 수출 총괄 Executive 대시보드 (2021~2025)
A3: 총 누적 수출액 ($) | B3: 총 누적 수출물량 (톤) | C3: 평균 수출 단가 ($/kg) | D3: 2025년 수출 성장액 ($)
A4: =SUM('Raw Data'!F:F) -> 9647774076 | B4: =SUM('Raw Data'!E:E) -> 539122.79 | C4: =AVERAGE('Raw Data'!G:G) -> 22.907549 | D4: ='[1]Yearly Summary'!C6-'[1]Yearly Summary'!C2 -> #REF!
A7: 연도별 수출 요약 (수식 모델링)
A8: 연도 | B8: 수출물량 (톤) | C8: 수출 금액 ($) | D8: 평균 단가 ($/kg) | E8: 전년대비 성장률
A9: 2021 | B9: =SUMIF('Raw Data'!$A:$A, A9, 'Raw Data'!$E:$E) -> 99434.186 | C9: =SUMIF('Raw Data'!$A:$A, A9, 'Raw Data'!$F:$F) -> 1615459230 | D9: =AVERAGEIF('Raw Data'!$A:$A, A9, 'Raw Data'!$G:$G) -> 22.063158 | E9: -
A10: 2022 | B10: =SUMIF('Raw Data'!$A:$A, A10, 'Raw Data'!$E:$E) -> 99333.347 | C10: =SUMIF('Raw Data'!$A:$A, A10, 'Raw Data'!$F:$F) -> 1500236642 | D10: =AVERAGEIF('Raw Data'!$A:$A, A10, 'Raw Data'!$G:$G) -> 20.93115 | E10: =(C10-C9)/C9 -> -0.071324974
A11: 2023 | B11: =SUMIF('Raw Data'!$A:$A, A11, 'Raw Data'!$E:$E) -> 109785.08 | C11: =SUMIF('Raw Data'!$A:$A, A11, 'Raw Data'!$F:$F) -> 1804051682 | D11: =AVERAGEIF('Raw Data'!$A:$A, A11, 'Raw Data'!$G:$G) -> 20.555658 | E11: =(C11-C10)/C10 -> 0.20251141
A12: 2024 | B12: =SUMIF('Raw Data'!$A:$A, A12, 'Raw Data'!$E:$E) -> 113272.2 | C12: =SUMIF('Raw Data'!$A:$A, A12, 'Raw Data'!$F:$F) -> 2226076264 | D12: =AVERAGEIF('Raw Data'!$A:$A, A12, 'Raw Data'!$G:$G) -> 24.223333 | E12: =(C12-C11)/C11 -> 0.23393154
A13: 2025 | B13: =SUMIF('Raw Data'!$A:$A, A13, 'Raw Data'!$E:$E) -> 117297.98 | C13: =SUMIF('Raw Data'!$A:$A, A13, 'Raw Data'!$F:$F) -> 2501950258 | D13: =AVERAGEIF('Raw Data'!$A:$A, A13, 'Raw Data'!$G:$G) -> 26.721343 | E13: =(C13-C12)/C12 -> 0.12392837

Sheet Target Markets
A1: 1인 무역회사 TOP 3 유망 개척 시장 분석
A3: 순위 | B3: 개척 대상국 | C3: 2021년 수출액 ($) | D3: 2025년 수출액 ($) | E3: 5개년 성장률 | F3: 평균 단가 ($/kg) | G3: 조미김 비중
A4: 1위 | B4: Saudi Arabia (사우디) | C4: 143199 | D4: 797080 | E4: =(D4-C4)/C4 -> 4.56624 | F4: 25.06 | G4: 0.942
A5: 1위 | B5: UAE (아랍에미리트) | C5: 1123145 | D5: 3228624 | E5: =(D5-C5)/C5 -> 1.8746279 | F5: 25.06 | G5: 0.922
A6: 2위 | B6: Poland (폴란드) | C6: 5191576 | D6: 11483987 | E6: =(D6-C6)/C6 -> 1.2120425 | F6: 24.01 | G6: 0.948
A7: 2위 | B7: Netherlands (네덜란드) | C7: 6590648 | D7: 13352068 | E7: =(D7-C7)/C7 -> 1.0259113 | F7: 17.75 | G7: 0.927
A8: 3위 | B8: Kazakhstan (카자흐스탄) | C8: 1081252 | D8: 4281595 | E8: =(D8-C8)/C8 -> 2.9598493 | F8: 22.85 | G8: 0.583
A9: 3위 | B9: Türkiye (튀르키예) | C9: 591642 | D9: 2097614 | E9: =(D9-C9)/C9 -> 2.5454109 | F9: 28.01 | G9: 0.353

Sheet Raw Data
A1: refYear | B1: cmdCode | C1: item_label | D1: partnerDesc | E1: qty_tons | F1: primary_value_usd | G1: unit_price_usd_kg
A2: 2021 | B2: 121221 | C2: 마른김 (HS 121221) | D2: World | E2: 24419.549 | F2: 253743183 | G2: 10.39
A3: 2021 | B3: 121221 | C3: 마른김 (HS 121221) | D3: American Samoa | E3: 0.008 | F3: 163 | G3: 20.38
A4: 2021 | B4: 121221 | C4: 마른김 (HS 121221) | D4: Argentina | E4: 0.17255 | F4: 4390 | G4: 25.44
A5: 2021 | B5: 121221 | C5: 마른김 (HS 121221) | D5: Australia | E5: 156.57246 | F5: 1055889 | G5: 6.74
A6: 2021 | B6: 121221 | C6: 마른김 (HS 121221) | D6: Austria | E6: 5.9812 | F6: 38901 | G6: 6.5
A7: 2021 | B7: 121221 | C7: 마른김 (HS 121221) | D7: Bahrain | E7: 0.53554 | F7: 20532 | G7: 38.34
A8: 2021 | B8: 121221 | C8: 마른김 (HS 121221) | D8: Bangladesh | E8: 0.1076 | F8: 1710 | G8: 15.89
A9: 2021 | B9: 121221 | C9: 마른김 (HS 121221) | D9: Belgium | E9: 0.12092 | F9: 6439 | G9: 53.25
A10: 2021 | B10: 121221 | C10: 마른김 (HS 121221) | D10: Bolivia (Plurinational State of) | E10: 2.06668 | F10: 42253 | G10: 20.44
A11: 2021 | B11: 121221 | C11: 마른김 (HS 121221) | D11: Brazil | E11: 53.5769 | F11: 1022860 | G11: 19.09
A12: 2021 | B12: 121221 | C12: 마른김 (HS 121221) | D12: Brunei Darussalam | E12: 0.33 | F12: 6514 | G12: 19.74
A13: 2021 | B13: 121221 | C13: 마른김 (HS 121221) | D13: Myanmar | E13: 4.726962 | F13: 80418 | G13: 17.01
... A1070: 2025 | B1070: 200899 | C1070: 조미김 (HS 200899) | D1070: Areas, nes | E1070: 0.0084 | F1070: 265 | G1070: 31.55
